Service ID,Service Name,Rate Per Thousand,Minimum Quantity,Maximum Quantity,Average Time,Category,Details
6022,ID 6022 - Instagram Followers | Instant Start | Max: 1M | Drop: 0-5% | Speed: 50K Per Day | Stable | Good Quality Accounts | 365 Days Refill | Flag OFF Working | Cancel IF Flag Enabled,1.80,10,1Â 000Â 000,30 minutes,"Instagram Followers
Instant Start
Good Quality
Speed 30k-50k/Day 
Stable
Refill 365 Days","Instagram Followers
Instant Start
Good Quality
Speed 30k-50k/Day 
Stable
Refill 365 Days"
6212,PRIVATE 1K,0.95,100,500Â 000,8 hours 1 minute,,
6213,PRIVATE 5K,0.82,5Â 000,10Â 000Â 000,19 hours 49 minutes,,
6214,PRIVATE 10K,0.80,10Â 000,10Â 000Â 000,19 hours 52 minutes,,
6215,"ID 6215 - Native Min 100 , LIFETIME GUARANTEED, SPEED 1K-3K , NON DROP, Start Time 1- 6 Hours",1.10,100,5Â 000,13 hours 27 minutes,,
6208,ID 6208 - REAL Facebook Page Likes + Followers | Max 100K | Speed 5K - 10K Per Day | Refill Lifetime | Instant Start | Drop Ratio 0%,1.83,100,500Â 000,9 hours 10 minutes,"Start: 0-6 Hours
Speed: Speed 10k-15k/D
Refill: 30 Day","Start: 0-6 Hours
Speed: Speed 10k-15k/D
Refill: 30 Day"
6209,ID 6209 - REAL Facebook Post Likes | Max 100K | Speed 5K Per Day | Refill Lifetime | Instant Start | Drop Ratio 0%,1.50,30,10Â 000,35 minutes,,
6210,ID 6010 - REAL Facebook Page | Profile Followers | Max 100K | Speed 5K Per Day | Refill Lifetime | Instant Start | Drop Ratio 0%,1.00,10,1Â 000Â 000,25 hours 25 minutes,,
6184,ID 6184 - Twitter Followers Private | Drop 0% | Stable | Refill 30 Days | Instant Start - 1 Hours,5.28,100,50Â 000,4 hours 37 minutes,,
6185,ID 6185 - Twitter Likes Private | Drop 5%-10% | Stable | Refill 30 Days,0.42,10,50Â 000,3 hours 17 minutes,,
6186,ID 6186 - Instagram Followers | All Links Working | No Flag Issue | Private | Drop 2% | High Quality | Speed 10k-20k per day | Stable | Refill 30 Days,2.13,10,500Â 000,6 hours 41 minutes,,
6187,ID 6187 - Instagram Followers | All Links Working | No Flag Issue | Private | Drop 2% | High Quality | Stable | Refill 365 Days | Speed 15k-40k per day,2.81,20,1Â 000Â 000,5 hours 1 minute,,
6188,ID 6188 - REAL Facebook Post Likes | Max 50K | Speed 10K Per Day | Instant Start | Drop Ratio 0% | | Lifetime Refill,1.50,30,10Â 000,36 minutes,,
6162,ID 6162 - REAL Facebook Page Likes + Followers | Max 50K | Speed 5K Per Day | Refill Lifetime | Instant Start | Drop Ratio 0%,1.83,100,500Â 000,,,
6189,ID 6189 - REAL Facebook Profile Followers [Speed 10K-20K Per Day ][Stable] [Non Drop] Lifetime Refill,2.40,100,100Â 000,,,
6191,ID 6191 - Youtube Mix Source Views | Speed 1k per day | Best for SEO | Start Time - Instant | Non Drop | Real Time Views | Lifetime Refill,0.95,100,500Â 000,6 hours 51 minutes,,
6211,"ID 6211 - Native Min 500, LIFETIME GUARANTEED, SPEED 2K-5K, NON DROP",0.96,500,10Â 000Â 000,9 hours 26 minutes,,
5798,ID 5798 - Instagram Followers ALL LINK WORKING | Real App Accounts | Speed 1K Per Day | Drop 5% Refill | 30 Days Refill with 365 Days Refill Button | Start Time Instant -1 hour,2.35,10,10Â 000,4 hours 34 minutes,,
6165,ID 6165 YouTube HR Views (Retention 5-10 minutes) | Real Human Views [Lifetime Guarantee | Speed 10k-50k/day- INSTANT] | (Good For Video Ranking and SEO),2.55,5Â 000,100Â 000,78 hours 48 minutes,,
6207,ID 6207 - Instagram Followers 100% NON DROP [OLD Accounts] Speed - 100K-200K Per Day [Max-10K] Refill 100 Days [SUPER Instant] All Links Working,2.81,20,5Â 000Â 000,36 minutes,,
6136,ID 6136 - TikTok Followers | HQ | Real | Instant Start | Speed 20K Per Day | Refill 30 Days,3.59,10,20Â 000,,"TikTok Real Followers
Start Time 0-10 Minute
Speed 5k per day
Non Drop
Stable
30 Days Refill","TikTok Real Followers
Start Time 0-10 Minute
Speed 5k per day
Non Drop
Stable
30 Days Refill"
6150,ID 6150 - Instagram Followers | Old Account | Max 5M | Speed 100K Per Day | 365 Days Refill | Stable | All Links Working | No Flag Issue,2.81,50,800Â 000,1 hour 9 minutes,"Instagram Followers
Old Accounts
Instant Start
Speed 30k per day
90 Days Refill","Instagram Followers
Old Accounts
Instant Start
Speed 30k per day
90 Days Refill"
6020,ID 6020 - YouTube SHORT + LONG Views | Traffic source: External | Start time Instant | Speed 5000 per Day | Non Drop | Lifetime Guarantee,0.95,100,100Â 000,8 hours 34 minutes,"YouTube Shorts+Long Views
Traffic Source External
Non Drop
Instant Start
Speed 2k/Day
Lifetime Refill","YouTube Shorts+Long Views
Traffic Source External
Non Drop
Instant Start
Speed 2k/Day
Lifetime Refill"
6027,ID  6027 - YouTube Views [ Speed 1K-4K Per Day ] NON DROP [100% WORKING] [Start time -  Instant] [LIFETIME GUARANTEED],0.95,100,250Â 000,8 hours 19 minutes,,
5714,ID 5714 - Telegram Channel Members | High Quality  | Instant Start | Speed 50K Per Day | Start Time  Instant | Refill 180 Days | Drop Ratio 0%,0.96,500,150Â 000,6 hours 21 minutes,"Telegram Non-Drop Member Service
Instant Start
High Quality
Speed 50k per day
Non Drop
Stable
180 Days Refill
Best Service in the Market","Telegram Non-Drop Member Service
Instant Start
High Quality
Speed 50k per day
Non Drop
Stable
180 Days Refill
Best Service in the Market"
5463,ID 5463 - Telegram Non Drop members | Instant start | Speed 10K-20K | Non Drop | 30 Days Refill NON DROP,0.70,500,100Â 000,4 hours 41 minutes,"Telegram Non-Drop Member Service
Instant Start
Speed 50k-100k per day
Non Drop
Stable
30 Days Refill
Best Service in the Market","Telegram Non-Drop Member Service
Instant Start
Speed 50k-100k per day
Non Drop
Stable
30 Days Refill
Best Service in the Market"
6059,ID 6059 - Telegram Public | Private HQ Members | High Quality | Speed 20K-40K Per day | Instant start | No Drop | 30 Days Refill,0.70,500,80Â 000,6 hours 44 minutes,"Telegram Non-Drop Member Service
Instant Start
Speed 20k-40k per day
Non Drop
Stable
30 Days Refill
Best Service in the Market","Telegram Non-Drop Member Service
Instant Start
Speed 20k-40k per day
Non Drop
Stable
30 Days Refill
Best Service in the Market"
6060,ID 6060 - Telegram STABLE Members | 0% DROP | Instant Start | High quality | Speed 50K per Day | Refill 90 Days | All Links will work,0.96,500,150Â 000,3 hours,"Telegram Non-Drop Member Service
Instant Start
Speed 50k per day
Non Drop
Stable
90 Days Refill
Best Service in the Market","Telegram Non-Drop Member Service
Instant Start
Speed 50k per day
Non Drop
Stable
90 Days Refill
Best Service in the Market"
6041,ID 6041 - Telegram Channel Members | High Quality | Instant Start | Speed 50K Per Day | Start Time Instant | Refill 30 Days | Drop Ratio 0%,0.70,500,100Â 000,4 hours 52 minutes,"Telegram Non-Drop Member Service
Instant Start
Speed 50k per day
Non Drop
Stable
30 Days Refill
Best Service in the Market","Telegram Non-Drop Member Service
Instant Start
Speed 50k per day
Non Drop
Stable
30 Days Refill
Best Service in the Market"
6105,ID 6105 -0% Drops Telegram HQ Members | HIGH QUALITY | Speed 20K-50K Per day | 30 Days Refill | Instant Start | Cancel/Refill enabled | Stable and Non Drop | All Links will work,0.70,500,50Â 000,7 hours 30 minutes,"Telegram Non-Drop Member Service
Instant Start
High quality
Speed 20k-50k per day
Non Drop
Stable
30 Days Refill
Best Service in the Market","Telegram Non-Drop Member Service
Instant Start
High quality
Speed 20k-50k per day
Non Drop
Stable
30 Days Refill
Best Service in the Market"
5916,ID 5916 - Telegram Channel Members | High Quality | Instant Start | Speed 50K Per Day | StartTime Instant | Refill 180 Days | Drop Ratio 0%,0.96,500,150Â 000,2 hours 54 minutes,"Telegram Non-Drop Member Service
Instant Start
Speed 50k per day
Non Drop
Stable
Lifetime Refill
Best Service in the Market","Telegram Non-Drop Member Service
Instant Start
Speed 50k per day
Non Drop
Stable
Lifetime Refill
Best Service in the Market"
5919,ID 5919 - TikTok Followers | HQ | Real | Instant Start | Speed 20K Per Day | Refill 30 Day,3.59,10,25Â 000,98 hours 8 minutes,"TikTok Real Followers
Mix Quality
Instant Start
Speed 15k per day
Non Drop
Stable
30 Days Refill","TikTok Real Followers
Mix Quality
Instant Start
Speed 15k per day
Non Drop
Stable
30 Days Refill"
5482,ID 5482 - Tiktok Likes | Super Instant | 10K per Day | 30 Days Refill [Most Stable Service] | Non Drop | Stable Sever,0.12,10,1Â 000Â 000,2 hours 49 minutes,"TikTok Likes
Super Instant Start
Speed 10k per day
Non Drop
Stable
30 Days Refill","TikTok Likes
Super Instant Start
Speed 10k per day
Non Drop
Stable
30 Days Refill"
6065,ID 6065 - TikTok Followers | HQ | Real | Instant Start | Speed 20K Per Day | Refill 30 Day,3.59,10,30Â 000,1 hour 51 minutes,"TikTok Real Followers
Instant - 1 Hour
Speed 20k-30k per day
Stable
30 Days Refill
Drop Ratio 2%","TikTok Real Followers
Instant - 1 Hour
Speed 20k-30k per day
Stable
30 Days Refill
Drop Ratio 2%"
6066,ID 6066 - Tiktok Likes [No Drop] [High Quality] [30 Days Refill Button] [Speed 20K Per Day] [Start Time Instant -1 Hours] STABLE and NON DROP,0.12,10,1Â 000Â 000,1 hour 2 minutes,"TikTok Likes
High Quality
Instant - 1 Hour
Speed 20k per day
Non Drop
Stable
30 Days Refill","TikTok Likes
High Quality
Instant - 1 Hour
Speed 20k per day
Non Drop
Stable
30 Days Refill"
5483,ID 5483 - TikTok Followers | HQ | Real | Instant Start | Speed 20K Per Day | Refill 30 Day,3.59,10,45Â 000,60 hours 54 minutes,"TikTok Followers
Mix Quality
Start Time 1 Hour
Speed 10k-20k per day
Non Drop
Stable
30 Days Refill","TikTok Followers
Mix Quality
Start Time 1 Hour
Speed 10k-20k per day
Non Drop
Stable
30 Days Refill"
6094,ID 6094 - Tiktok Likes [No Drop] [HIGH Quality] [30 Days Refill Button] Speed 20K Per Day | PRIVATE  0% Drops,0.12,10,1Â 000Â 000,4 hours 53 minutes,"TikTok Likes
High Quality
Instant Start
Speed 20k per day
Non Drop
Stable
30 Days Refill","TikTok Likes
High Quality
Instant Start
Speed 20k per day
Non Drop
Stable
30 Days Refill"
6132,ID 6132 - TikTok Followers | HQ | Real | Instant Start | Speed 20K Per Day | Refill 30 Days,3.59,10,30Â 000,55 hours 56 minutes,"TikTok Followers
High Quality
Instant Start
Speed 10k per day
Drop Ratio 1%
Stable
30 Days Refill","TikTok Followers
High Quality
Instant Start
Speed 10k per day
Drop Ratio 1%
Stable
30 Days Refill"
5462,ID 5462 - Instagram Likes | Max 500K | Instant Start | Speed 50K per Hour | Good Quality | Drop Ratio 1% | 365 Days Refill,0.04,10,500Â 000,56 minutes,"Instagram Likes 
Max 500K
Instant Start
Speed 50K per Hour
Good Quality 
Drop Ratio 1%","Instagram Likes 
Max 500K
Instant Start
Speed 50K per Hour
Good Quality 
Drop Ratio 1%"
5955,ID 5955 -  Instagram REAL HIGH QUALITY Likes | Non Drop | Speed 100K per Day | Cancel Button Enabled | Refill Button Enabled | Instant Start Server | Exclusive !!,0.03,10,300Â 000,50 minutes,"Instagram High-Quality Likes
Start instant
Speed 100k Day
Non-drop
Cancel button/Refill button enabled
Quality example - https://prnt.sc/2zbJ0mLrBepw","Instagram High-Quality Likes
Start instant
Speed 100k Day
Non-drop
Cancel button/Refill button enabled
Quality example - https://prnt.sc/2zbJ0mLrBepw"
5974,ID 5974 - Instagram Followers | ALL LINK WORKING | High Quality | 365 DAYS NON DROP | SPEED 50K Per Day | Instant start | Drop 0% SERVER | Account Has 12-20 Post | Cancel Button,2.81,20,500Â 000,1 hour 45 minutes,"Instagram followers
Old / Bot Mixed Account
Speed 50K/Day
30 Days Auto-Refill
Max 1M","Instagram followers
Old / Bot Mixed Account
Speed 50K/Day
30 Days Auto-Refill
Max 1M"
46,ID 46- Premium Instagram Likes | Premium Accounts | English Name Accounts | Start Time Instant | Refill LifeTime | Start TIme Instant | Speed 30k-50k Per Day | Drop Ratio 0-2%,0.04,10,500Â 000,17 minutes,"Premium Instagram Likes 
Premium Accounts 
English Name Accounts 
Start Time Instant 
Refill LifeTime 
Start TIme Instant 
Speed 30k-50k Per Day 
Drop Ratio 0-2%","Premium Instagram Likes 
Premium Accounts 
English Name Accounts 
Start Time Instant 
Refill LifeTime 
Start TIme Instant 
Speed 30k-50k Per Day 
Drop Ratio 0-2%"
5674,ID 5674 - INDIAN IG LIKES [STABLE] [NO REFILL] [SUPER INSTANT] [95% INDIAN ACCOUNTS],0.12,10,2Â 000Â 000,24 minutes,"Instagram Indian Likes
Super Instant 
Stable
No Refill
95% Indian Accounts","Instagram Indian Likes
Super Instant 
Stable
No Refill
95% Indian Accounts"
5676,ID 5676 - HQ INDIAN MIX Instagram followers [INSTANT] [SPEED 50k-100k Per Day] [REFILL 365 DAYS] All Link working,2.81,20,1Â 000Â 000,1 hour 40 minutes,"Instagram Indian Followers
Instant 
Speed 5k-10k/Day
Stable
30 Day Refill","Instagram Indian Followers
Instant 
Speed 5k-10k/Day
Stable
30 Day Refill"
227,ID 227 - Instagram Followers | Real Accounts | StartTime Instant | Refill 365 Days | Speed 50K | Drop 0-5%  | Refill Button Enabled | Cancel Button Enabled | All Link Working,2.81,50,500Â 000,47 minutes,"INSTAGRAM FOLLOWERS 
SPEED 30K-50K/DAY
INSTANT START
REAL ACCOUNTS
NON DROP
REFILL 365 DAYS","INSTAGRAM FOLLOWERS 
SPEED 30K-50K/DAY
INSTANT START
REAL ACCOUNTS
NON DROP
REFILL 365 DAYS"
6089,ID 6089 - Private Followers [365 Days Refill] Non Drop [Refill Button Enabled] Speed 100k per day,2.81,20,1Â 000Â 000,1 hour 39 minutes,"Instagram Private Followers
Instant Start
Speed 20k-50k/Day 
Non Drop
Stable
Refill 365 Days","Instagram Private Followers
Instant Start
Speed 20k-50k/Day 
Non Drop
Stable
Refill 365 Days"
5940,ID 5940 - HIGH QUALITY Instagram Followers | Instant Start | Non Drop | Good Quality  Accounts | Refill 90 Days | Stable Server | 0% Drop | Speed 50k per day,2.81,50,1Â 000Â 000,56 minutes,"Instagram Followers
High Quality
Instant Start
Speed 30k-50k/Day 
Stable
Refill 180 Days","Instagram Followers
High Quality
Instant Start
Speed 30k-50k/Day 
Stable
Refill 180 Days"
6103,ID 6103 - Private Instagram Reels + Video Views Explore + Access | Max 10M | Stable | High Speed,0.08,100,2Â 147Â 483Â 647,37 minutes,"Instagram Reels+Video Views
Instant Start
High Speed 
Stable","Instagram Reels+Video Views
Instant Start
High Speed 
Stable"
6064,ID 6064 - HIGH QUALITY Twitter Likes [Max: 10K] [Refill Button Enabled for 30 Days] [Start Time: 0 - 1 hour] [Speed 5K - 10K Per Day],1.08,10,10Â 000,11 minutes,"Twitter Likes
High Quality
Start 0-1 Hour
Speed 5k-10k/day
Refill 30 Day
Stable","Twitter Likes
High Quality
Start 0-1 Hour
Speed 5k-10k/day
Refill 30 Day
Stable"
5813,ID 5813 - PURE NON DROP  YouTube Views | Lifetime Refill | Max 100K | Start Time 0-1 Hour | Speed 1K Per Day | Drop Ratio 0%,0.95,100,500Â 000,21 hours 56 minutes,"YouTube Views
Non Drop
Start  0-1 Hour
Speed 1k/Day
LifeTime Refill","YouTube Views
Non Drop
Start  0-1 Hour
Speed 1k/Day
LifeTime Refill"
5681,ID 5681 - YouTube Subscribers | 100 - 200 Per day | Lifetime Refill | Start Time 0-1 Hours | Drop 2%,2.04,50,50Â 000,74 hours 8 minutes,"YouTube Subscribers 
Speed 100-400 Per day 
30 Days Auto Refill 
Start Time 0-1 Hours 
Drop 5%
Stable Server","YouTube Subscribers 
Speed 100-400 Per day 
30 Days Auto Refill 
Start Time 0-1 Hours 
Drop 5%
Stable Server"
5918,ID 5918 - Youtube Likes | Max 100K | Speed 10K Per Hour | 30 Days Refill | Non Drop | Super Instant Server | Refill Button Enabled,0.23,10,20Â 000,10 minutes,"YouTube Likes
Non Drop
Instant Start
Speed 20k/Hour
30 Day Refill","YouTube Likes
Non Drop
Instant Start
Speed 20k/Hour
30 Day Refill"
5671,ID 5671 - YOUTUBE VIEWS [ 10K per day][STABLE][NON DROP] [LIFETIME GUARANTEED],0.90,5Â 000,1Â 000Â 000,27 hours 19 minutes,"YouTube Views Indian
Non Drop
Stable
Speed 500k/Day
Lifetime Refill","YouTube Views Indian
Non Drop
Stable
Speed 500k/Day
Lifetime Refill"
6019,ID 6019 - YouTube Views  | Traffic source: Mixed | Start Instant | Speed 1K per Day | Non Drop | Lifetime Guarantee,0.95,100,100Â 000,7 hours 15 minutes,"YouTube Views
Mixed Traffic Source
Non Drop
Instant Start
Speed 3k-5k/Day
Lifetime Refill","YouTube Views
Mixed Traffic Source
Non Drop
Instant Start
Speed 3k-5k/Day
Lifetime Refill"
6017,ID 6017 - Special Youtube Speed 1K | Lifetime Guaranteed | Non Drop | Instant Start,0.95,100,500Â 000,19 hours 13 minutes,"YouTube Views
Non Drop
Instant Start
Speed 5k-10k/Day
Lifetime Refill","YouTube Views
Non Drop
Instant Start
Speed 5k-10k/Day
Lifetime Refill"
5960,ID 5960 - Youtube Subscribers [HQ] | Start Time 0-1 Hour | Speed 500 - 1000 Per day | Non Drop | 30 day Refill | Stable | 0% Drop,3.24,100,200Â 000,40 hours 46 minutes,"YouTube Subscribers
High Quality
Non Drop
Start 0-1 Hour
Speed 500-1000/Day
30 Day Refill","YouTube Subscribers
High Quality
Non Drop
Start 0-1 Hour
Speed 500-1000/Day
30 Day Refill"
5828,ID 5828 - Youtube Views | Speed 1K per Day | Retention 30 Sec - 1 Minutes | LifeTime Guaranteed | StartTime 0-3 Hours	| Drop Ratio 0%,0.95,100,90Â 000,5 hours 46 minutes,"YouTube Views
Non Drop
Retention 30 sec - 1 Min.
Start 0-3 Hours
Speed 1k/Day
Lifetime Refill","YouTube Views
Non Drop
Retention 30 sec - 1 Min.
Start 0-3 Hours
Speed 1k/Day
Lifetime Refill"
5943,ID 5943 - YouTube Views | Speed 2K-6K Per Day | Non Drop | 100% Working | Refill Lifetime Guarantee | Start Time - INSTANT | Drop Ratio 0%,0.95,1Â 000,3Â 800,12 hours 5 minutes,"YouTube Views
Non Drop
Instant Start
Speed 2k/Day
Lifetime Refill","YouTube Views
Non Drop
Instant Start
Speed 2k/Day
Lifetime Refill"
5944,ID 5944 - YouTube Views | Speed 1K-2K Day | 100% Working | Start time 0-6 Hours | LifeTime Gurantee | Drop Ratio 0%,0.95,100,500Â 000,,"YouTube Views
Non Drop
Start 0-6 Hours
Speed 20k-50k/Day
Lifetime Refill","YouTube Views
Non Drop
Start 0-6 Hours
Speed 20k-50k/Day
Lifetime Refill"
5695,ID 5695 - Facebook Post Likes | HQ Real Users | Speed | 10K Per Day | Start Time Instant | 30 Days Refill,1.44,30,25Â 000,56 minutes,"Facebook Post Likes
Instant Start 
Speed 30K/Day
HQ Real Users
Non Drop 
30 Days Refill","Facebook Post Likes
Instant Start 
Speed 30K/Day
HQ Real Users
Non Drop 
30 Days Refill"
6100,ID 6100 - REAL Facebook Page Likes + Followers | Max 80K | Speed 5K Per Day | Refill Lifetime | Instant Start | Drop Ratio 0%,1.83,100,500Â 000,9 hours 55 minutes,"Facebook PageLikes+Followers
Instant Start 
Speed 10K/Day
Non Drop 
Lifetime Refill

Example format: https://www.facebook.com/username/","Facebook PageLikes+Followers
Instant Start 
Speed 10K/Day
Non Drop 
Lifetime Refill

Example format: https://www.facebook.com/username/"
6106,ID 6106 - Facebook Page Likes + Followers [250K] [ ğ’ğ®ğ©ğğ« ğˆğ§ğ¬ğ­ğšğ§ğ­ 5K Per Day  ğğ¨ğ§ğğ«ğ¨ğ© Lifetime REFILL,1.90,100,500Â 000,4 hours 15 minutes,"Facebook PageLikes+Followers
Super Instant 
Speed 10k-20K/Day
Non Drop 
Lifetime Refill

Link format: https://www.facebook.com/username/","Facebook PageLikes+Followers
Super Instant 
Speed 10k-20K/Day
Non Drop 
Lifetime Refill

Link format: https://www.facebook.com/username/"
5803,ID 5803 -  Facebook Post Likes | HQ Real Users | Speed | 20K Per Day | StartTime Instant | Refill 30 Days |,1.44,30,10Â 000,10 hours 10 minutes,"Facebook Post Likes
Instant Start 
Speed 20K/Day
High Quality
Non Drop 
30 Day Refill","Facebook Post Likes
Instant Start 
Speed 20K/Day
High Quality
Non Drop 
30 Day Refill"
6043,ID 6043 - Facebook Page ğ‹ğ¢ğ¤ğğ¬  + ğ…ğ¨ğ¥ğ¥ğ¨ğ°ğğ« â™»ï¸ Refill 30 Days âš¡ High Speed 2K Per Day â° ğˆğ§ğ¬ğ­ğšğ§ğ­,1.83,100,500Â 000,1 hour 10 minutes,"Facebook PageLikes+Followers
Instant Start
Speed 20K/Day
Non Drop 
30 Day Refill","Facebook PageLikes+Followers
Instant Start
Speed 20K/Day
Non Drop 
30 Day Refill"
6104,ID 6104 - Facebook Post Likes ~ [ ğŒğ¢ğ§ 30 | Max 10K | Speed: 5k/day GOOD QUALITY | REFILL 30 DAYS,1.44,30,10Â 000,31 minutes,"Facebook Post Likes
Instant Start 
Good Quality
Speed 5k/Day
Non Drop 
30 Days Refill","Facebook Post Likes
Instant Start 
Good Quality
Speed 5k/Day
Non Drop 
30 Days Refill"
5682,ID 5682 - YouTube Views | Speed 2K-6K Per Day | Non Drop | 100% Working | Refill Lifetime Guarantee | Start Time - INSTANT | Drop Ratio 0%,0.95,100,500Â 000,39 hours 52 minutes,"Youtube Views 
Speed 3k-5K per Day 
Retention 30 Sec - 1 Minutes 
LifeTime Guaranteed 
StartTime 0-2 Hours","Youtube Views 
Speed 3k-5K per Day 
Retention 30 Sec - 1 Minutes 
LifeTime Guaranteed 
StartTime 0-2 Hours"
5825,ID 5825 - Youtube Views | Non Drop | Start Time Instant - 1 Hour | Speed 5K-20K Per Day | LifeTime Guaranteed | Drop Ratio 0% | Stable Server,0.85,5Â 000,1Â 000Â 000,16 hours 40 minutes,,
6062,ID 6062 -  Stable Short + Normal YouTube Views | Traffic source: External |  Worldwide | Start time INSTANT | Speed 1K - 5K per Day | Non Drop | Lifetime Guarantee,0.95,100,500Â 000,10 hours 9 minutes,,
6147,ID 6147 - Tiktok Likes [Mix Quality] [30 Refill ] Speed 10K Per Day | PRIVATE 0% Drops,0.21,10,50Â 000,18 minutes,"- Link: Username- worldwide High quality Non drop - Start: 0-5 Minutes- Speed: 100k Day- Refill Time: 30 Days Notes:- When the service is busy, the starting speed of the process changes.- Do not place the second order on the same link before your order is completed in the system.- In case of any problems with the service, please contact support.","- Link: Username- worldwide High quality Non drop - Start: 0-5 Minutes- Speed: 100k Day- Refill Time: 30 Days Notes:- When the service is busy, the starting speed of the process changes.- Do not place the second order on the same link before your order is completed in the system.- In case of any problems with the service, please contact support."
5680,ID 5680 - YouTube Views [ Speed 3k Day ] NON DROP [100% WORKING] [Start time 6 Hours] [LIFETIME GUARANTEED],0.95,100,500Â 000,28 hours 32 minutes,,
5538,ID 5538 - TikTok Followers | HQ | Real | Instant Start | Speed 20K Per Day | Refill 30 Days,3.59,10,35Â 000,48 hours 2 minutes,start time: 0-30minSpeed: 5k/dayNo RefillStable ServiceNo Drops as of now,start time: 0-30minSpeed: 5k/dayNo RefillStable ServiceNo Drops as of now
6029,ID 6029 - Youtube Views | Non Drop | Start Time Instant - 6 Hour | Speed 1K Per Day | LifeTime Guaranteed | Drop Ratio 0% | Refill Button Activated | PRIVATE,0.95,100,150Â 000,,,
5665,ID 5665 - Youtube  Views | Non Drop | Start Time Instant | Speed 1K Per Day | LifeTime Guaranteed | Drop Ratio 0% | PRIVATE,0.95,100,80Â 000,6 hours 32 minutes,Youtube Views Non Drop StartTime 1 Hour Speed 50K-100K Per Day LifeTime Guaranteed Drop Ratio 0%,Youtube Views Non Drop StartTime 1 Hour Speed 50K-100K Per Day LifeTime Guaranteed Drop Ratio 0%
6137,ID 6137 - TikTok Followers | HQ | Real | Instant Start | Speed 20K Per Day | Refill 30 Days,3.59,10,25Â 000,,,
5967,ID 5967 - YouTube Views  Instant start | Speed 3K per Day | Non Drop | Lifetime Guarantee | Drop ratio 0%,0.95,100,500Â 000,5 hours 46 minutes,,
5915,ID 5915 - Youtube Views | Speed 1K per Day | Retention - RANDOM | LifeTime Guaranteed | Start Time 0-1 Hours | Non Drop,0.95,100,60Â 000,2 hours 35 minutes,,
6179,ID 6179 - TikTok Live Stream Viewers [15 Mins] [Start Time: 0-3 mins],0.50,10,10Â 000,51 minutes,,
6178,ID 6178 - TikTok Live Stream Viewers [30 Mins] [Start Time: 0-3 mins],1.00,10,10Â 000,1 hour 58 minutes,,
6177,ID 6177 - TikTok Live Stream Viewers [60 Mins] [Start Time: 0-3 mins],2.00,10,10Â 000,2 hours 45 minutes,,
6175,ID 6175 - TikTok Live Stream Viewers [90 Mins] [Start Time: 0-3 mins],3.00,10,10Â 000,2 hours 27 minutes,,
6174,ID 6174 - TikTok Live Stream Viewers [120 Mins] [Start Time: 0-3 mins],4.00,10,10Â 000,2 hours 42 minutes,,
6173,ID 6173 - TikTok Live Stream Viewers [150 Mins] [Start Time: 0-3 mins],5.00,10,10Â 000,2 hours 52 minutes,,
6172,ID 6172 - TikTok Live Stream Viewers [180 Mins] [Start Time: 0-3 mins],6.00,10,10Â 000,3 hours 25 minutes,,
6171,ID 6171 - TikTok Live Stream Viewers [210 Mins] [Start Time: 0-3 mins],7.00,10,10Â 000,3 hours 55 minutes,,
6180,Id 6180 - TikTok Live Stream Viewers [240 Mins] [Start Time: 0-3 mins],8.00,10,10Â 000,4 hours 27 minutes,,
6181,ID 6181 - TikTok Live Stream Viewers [270 Mins] [Start Time: 0-3 mins],9.00,10,10Â 000,7 hours 5 minutes,,
6176,ID 6176 - TikTok Live Stream Viewers [300 Mins] [Start Time: 0-3 mins],10.00,10,10Â 000,6 hours 32 minutes,,
6206,IG Likes [ 30K-50K / hour ] [ Stable ],0.05,10,500Â 000,,"Start - Instant 

Speed - 100K / day 

Quality - Old Accounts 

Drop - No

Refill - Lifetime 

Link - Instagram Post URL 

Note - 

âœ Instant Start  | Anytime Cancel | Good Speed 

âœ Wrong Links Auto Cancel 

âœ No Refill for old drops  and works fast reliable on all updates","Start - Instant 

Speed - 100K / day 

Quality - Old Accounts 

Drop - No

Refill - Lifetime 

Link - Instagram Post URL 

Note - 

âœ Instant Start  | Anytime Cancel | Good Speed 

âœ Wrong Links Auto Cancel 

âœ No Refill for old drops  and works fast reliable on all updates"
